{"cameraMode":{"drawMode":0,"name":"Shaded","section":"Shading Mode"},"sceneLighting":true,"audioPlay":false,"sceneViewState":{"showFog":true,"showMaterialUpdate":false,"showSkybox":true,"showFlares":true,"showImageEffects":true,"showParticleSystems":true},"in2DMode":false,"pivot":{"x":12.450961112976075,"y":8.63833236694336,"z":0.7806024551391602},"rotation":{"x":-0.2715223431587219,"y":0.40974393486976626,"z":-0.12918491661548615,"w":-0.861277163028717},"size":74.55731201171875,"orthographic":true}