{"cameraMode":{"drawMode":0,"name":"Shaded","section":"Shading Mode"},"sceneLighting":false,"audioPlay":false,"sceneViewState":{"showFog":true,"showMaterialUpdate":false,"showSkybox":false,"showFlares":true,"showImageEffects":true,"showParticleSystems":true},"in2DMode":false,"pivot":{"x":-52.539588928222659,"y":5.219821929931641,"z":-24.236194610595704},"rotation":{"x":-0.6100438833236694,"y":0.1461566537618637,"z":-0.11579088866710663,"w":-0.7701776027679443},"size":8.270585060119629,"orthographic":true}