{"cameraMode":{"drawMode":0,"name":"Shaded","section":"Shading Mode"},"sceneLighting":false,"audioPlay":false,"sceneViewState":{"showFog":true,"showMaterialUpdate":false,"showSkybox":false,"showFlares":true,"showImageEffects":true,"showParticleSystems":true},"in2DMode":false,"pivot":{"x":1.026137351989746,"y":0.20629805326461793,"z":3.2874808311462404},"rotation":{"x":0.10253309458494187,"y":-0.8547374606132507,"z":0.18486344814300538,"w":0.4740712642669678},"size":0.08291565626859665,"orthographic":false}