{"cameraMode":{"drawMode":0,"name":"Shaded","section":"Shading Mode"},"sceneLighting":false,"audioPlay":false,"sceneViewState":{"showFog":true,"showMaterialUpdate":false,"showSkybox":false,"showFlares":true,"showImageEffects":true,"showParticleSystems":true},"in2DMode":false,"pivot":{"x":-5.920000076293945,"y":-0.030000001192092897,"z":3.5399999618530275},"rotation":{"x":0.06502973288297653,"y":0.6122062802314758,"z":-0.050619158893823627,"w":0.7864238023757935},"size":0.46572548151016238,"orthographic":false}